{"cameraMode":{"drawMode":0,"name":"Shaded","section":"Shading Mode"},"sceneLighting":false,"audioPlay":false,"sceneViewState":{"showFog":true,"showMaterialUpdate":false,"showSkybox":true,"showFlares":true,"showImageEffects":true,"showParticleSystems":true},"in2DMode":false,"pivot":{"x":-0.42248737812042239,"y":0.26100003719329836,"z":2.425788402557373},"rotation":{"x":-0.05974792689085007,"y":0.9367051124572754,"z":-0.19822244346141816,"w":-0.28235021233558657},"size":3.837157726287842,"orthographic":false}