{"cameraMode":{"drawMode":0,"name":"Shaded","section":"Shading Mode"},"sceneLighting":false,"audioPlay":false,"sceneViewState":{"showFog":true,"showMaterialUpdate":false,"showSkybox":true,"showFlares":true,"showImageEffects":true,"showParticleSystems":true},"in2DMode":false,"pivot":{"x":-6.559999942779541,"y":0.5,"z":9.119999885559082},"rotation":{"x":-0.2422330379486084,"y":0.20082668960094453,"z":-0.051326099783182147,"w":-0.9478172659873962},"size":2.8578836917877199,"orthographic":false}