{"cameraMode":{"drawMode":0,"name":"Shaded","section":"Shading Mode"},"sceneLighting":false,"audioPlay":false,"sceneViewState":{"showFog":true,"showMaterialUpdate":false,"showSkybox":true,"showFlares":true,"showImageEffects":true,"showParticleSystems":true},"in2DMode":false,"pivot":{"x":-6.7695207595825199,"y":-0.5884466171264648,"z":-17.27408218383789},"rotation":{"x":0.00008994978270493448,"y":-0.9996756911277771,"z":0.025213422253727914,"w":0.0035910680890083315},"size":31.872039794921876,"orthographic":false}