{"cameraMode":{"drawMode":0,"name":"Shaded","section":"Shading Mode"},"sceneLighting":true,"audioPlay":false,"sceneViewState":{"showFog":true,"showMaterialUpdate":false,"showSkybox":true,"showFlares":true,"showImageEffects":true,"showParticleSystems":true},"in2DMode":false,"pivot":{"x":300.30438232421877,"y":67.39616394042969,"z":324.6320495605469},"rotation":{"x":0.23055686056613923,"y":-0.34544920921325686,"z":0.08796928822994232,"w":0.905411422252655},"size":22.0,"orthographic":false}