{"cameraMode":{"drawMode":0,"name":"Shaded","section":"Shading Mode"},"sceneLighting":false,"audioPlay":false,"sceneViewState":{"showFog":true,"showMaterialUpdate":false,"showSkybox":true,"showFlares":true,"showImageEffects":true,"showParticleSystems":true},"in2DMode":false,"pivot":{"x":0.4860495328903198,"y":1.7134889364242554,"z":-0.7481405735015869},"rotation":{"x":-0.09430823475122452,"y":-0.8989615440368652,"z":0.2389625608921051,"w":-0.3547831177711487},"size":2.857893466949463,"orthographic":false}