{"cameraMode":{"drawMode":0,"name":"Shaded","section":"Shading Mode"},"sceneLighting":false,"audioPlay":false,"sceneViewState":{"showFog":true,"showMaterialUpdate":false,"showSkybox":true,"showFlares":true,"showImageEffects":true,"showParticleSystems":true},"in2DMode":false,"pivot":{"x":13.40683364868164,"y":1.9367889165878297,"z":-16.747671127319337},"rotation":{"x":0.10340538620948792,"y":0.8957746624946594,"z":-0.28478121757507326,"w":0.32526108622550967},"size":2.1295878887176515,"orthographic":false}