{"cameraMode":{"drawMode":0,"name":"Shaded","section":"Shading Mode"},"sceneLighting":false,"audioPlay":false,"sceneViewState":{"showFog":true,"showMaterialUpdate":false,"showSkybox":true,"showFlares":true,"showImageEffects":true,"showParticleSystems":true},"in2DMode":false,"pivot":{"x":-0.7080000042915344,"y":1.1490000486373902,"z":2.620238780975342},"rotation":{"x":-0.19000980257987977,"y":-0.05090177804231644,"z":0.009863135404884816,"w":-0.9804121851921082},"size":2.672954797744751,"orthographic":false}