{"cameraMode":{"drawMode":0,"name":"Shaded","section":"Shading Mode"},"sceneLighting":false,"audioPlay":false,"sceneViewState":{"showFog":true,"showMaterialUpdate":false,"showSkybox":true,"showFlares":true,"showImageEffects":true,"showParticleSystems":true},"in2DMode":false,"pivot":{"x":3.778271198272705,"y":-0.019974589347839357,"z":1.0972744226455689},"rotation":{"x":-0.24407655000686646,"y":-0.5136387348175049,"z":0.1551966667175293,"w":-0.8077846169471741},"size":3.6215078830718996,"orthographic":false}