{"cameraMode":{"drawMode":0,"name":"Shaded","section":"Shading Mode"},"sceneLighting":false,"audioPlay":false,"sceneViewState":{"showFog":true,"showMaterialUpdate":false,"showSkybox":true,"showFlares":true,"showImageEffects":true,"showParticleSystems":true},"in2DMode":false,"pivot":{"x":0.9136515259742737,"y":-1.0168542861938477,"z":3.267965078353882},"rotation":{"x":-0.16243642568588258,"y":0.08929196000099182,"z":-0.014763602055609227,"w":-0.9825596213340759},"size":5.299140930175781,"orthographic":false}