{"cameraMode":{"drawMode":0,"name":"Shaded","section":"Shading Mode"},"sceneLighting":false,"audioPlay":false,"sceneViewState":{"showFog":true,"showMaterialUpdate":false,"showSkybox":true,"showFlares":true,"showImageEffects":true,"showParticleSystems":true},"in2DMode":false,"pivot":{"x":26.423234939575197,"y":-8.339035987854004,"z":-7.172267913818359},"rotation":{"x":-0.08552570641040802,"y":-0.8023032546043396,"z":0.11856313049793244,"w":-0.5787380337715149},"size":33.23883819580078,"orthographic":false}