{"cameraMode":{"drawMode":0,"name":"Shaded","section":"Shading Mode"},"sceneLighting":false,"audioPlay":false,"sceneViewState":{"showFog":true,"showMaterialUpdate":false,"showSkybox":true,"showFlares":true,"showImageEffects":true,"showParticleSystems":true},"in2DMode":false,"pivot":{"x":-0.22208058834075929,"y":0.760916531085968,"z":-0.034423768520355228},"rotation":{"x":-0.17329424619674684,"y":0.03898527845740318,"z":-0.006865843199193478,"w":-0.9840742945671082},"size":6.339736461639404,"orthographic":false}