{"cameraMode":{"drawMode":0,"name":"Shaded","section":"Shading Mode"},"sceneLighting":false,"audioPlay":false,"sceneViewState":{"showFog":true,"showMaterialUpdate":false,"showSkybox":true,"showFlares":true,"showImageEffects":true,"showParticleSystems":true},"in2DMode":false,"pivot":{"x":-1500.9256591796875,"y":554.9884033203125,"z":-176.486328125},"rotation":{"x":-0.03000275045633316,"y":0.04649139195680618,"z":-0.001399035332724452,"w":-0.9984670877456665},"size":3749.965576171875,"orthographic":false}