{"cameraMode":{"drawMode":0,"name":"Shaded","section":"Shading Mode"},"sceneLighting":false,"audioPlay":false,"sceneViewState":{"showFog":true,"showMaterialUpdate":false,"showSkybox":true,"showFlares":true,"showImageEffects":true,"showParticleSystems":true},"in2DMode":false,"pivot":{"x":-3.296279191970825,"y":0.8714166879653931,"z":2.501713991165161},"rotation":{"x":-0.131979838013649,"y":0.5715185403823853,"z":-0.09376394748687744,"w":-0.8044601678848267},"size":4.713230133056641,"orthographic":false}