{"cameraMode":{"drawMode":0,"name":"Shaded","section":"Shading Mode"},"sceneLighting":false,"audioPlay":false,"sceneViewState":{"showFog":true,"showMaterialUpdate":false,"showSkybox":true,"showFlares":true,"showImageEffects":true,"showParticleSystems":true},"in2DMode":false,"pivot":{"x":-5.722009658813477,"y":0.7328715324401856,"z":8.214106559753418},"rotation":{"x":-0.21135978400707246,"y":0.28986111283302309,"z":-0.06579817086458206,"w":-0.9311166405677795},"size":2.8578836917877199,"orthographic":false}