{"cameraMode":{"drawMode":0,"name":"Shaded","section":"Shading Mode"},"sceneLighting":false,"audioPlay":false,"sceneViewState":{"showFog":true,"showMaterialUpdate":false,"showSkybox":true,"showFlares":true,"showImageEffects":true,"showParticleSystems":true},"in2DMode":false,"pivot":{"x":14.911731719970704,"y":0.7475599050521851,"z":-18.811817169189454},"rotation":{"x":0.07792966812849045,"y":0.9220499992370606,"z":-0.2647780776023865,"w":0.2713732123374939},"size":4.22958517074585,"orthographic":false}