{"cameraMode":{"drawMode":0,"name":"Shaded","section":"Shading Mode"},"sceneLighting":false,"audioPlay":false,"sceneViewState":{"showFog":true,"showMaterialUpdate":false,"showSkybox":true,"showFlares":true,"showImageEffects":true,"showParticleSystems":true},"in2DMode":false,"pivot":{"x":3.98427677154541,"y":0.7735117077827454,"z":3.3844997882843019},"rotation":{"x":0.08521353453397751,"y":0.9007622003555298,"z":-0.20589616894721986,"w":0.37279075384140017},"size":6.3397369384765629,"orthographic":false}