{"cameraMode":{"drawMode":0,"name":"Shaded","section":"Shading Mode"},"sceneLighting":false,"audioPlay":false,"sceneViewState":{"showFog":true,"showMaterialUpdate":false,"showSkybox":true,"showFlares":true,"showImageEffects":true,"showParticleSystems":true},"in2DMode":false,"pivot":{"x":0.00994873046875,"y":2.354248046875,"z":0.5400390625},"rotation":{"x":-0.03812463954091072,"y":-0.7289180159568787,"z":0.04072239249944687,"w":-0.6823245286941528},"size":3.5449106693267824,"orthographic":true}