{"cameraMode":{"drawMode":0,"name":"Shaded","section":"Shading Mode"},"sceneLighting":false,"audioPlay":false,"sceneViewState":{"showFog":true,"showMaterialUpdate":false,"showSkybox":true,"showFlares":true,"showImageEffects":true,"showParticleSystems":true},"in2DMode":false,"pivot":{"x":6.039000034332275,"y":0.3100000023841858,"z":10.33899974822998},"rotation":{"x":-0.188577800989151,"y":-0.580382227897644,"z":0.14037597179412843,"w":-0.7796727418899536},"size":5.318192481994629,"orthographic":false}