{"cameraMode":{"drawMode":0,"name":"Shaded","section":"Shading Mode"},"sceneLighting":false,"audioPlay":false,"sceneViewState":{"showFog":true,"showMaterialUpdate":false,"showSkybox":true,"showFlares":true,"showImageEffects":true,"showParticleSystems":true},"in2DMode":false,"pivot":{"x":-0.008059799671173096,"y":0.8362425565719605,"z":5.0755486488342289},"rotation":{"x":0.002156865084543824,"y":-0.9915466904640198,"z":0.12866133451461793,"w":0.0166353490203619},"size":5.299140930175781,"orthographic":false}