{"cameraMode":{"drawMode":0,"name":"Shaded","section":"Shading Mode"},"sceneLighting":true,"audioPlay":false,"sceneViewState":{"showFog":true,"showMaterialUpdate":false,"showSkybox":true,"showFlares":true,"showImageEffects":true,"showParticleSystems":true},"in2DMode":false,"pivot":{"x":0.5951778888702393,"y":1.1072522401809693,"z":-5.049095153808594},"rotation":{"x":-0.006406502332538366,"y":-0.990291178226471,"z":0.13000904023647309,"w":-0.04878590255975723},"size":5.751287460327148,"orthographic":false}