{"cameraMode":{"drawMode":0,"name":"Shaded","section":"Shading Mode"},"sceneLighting":false,"audioPlay":false,"sceneViewState":{"showFog":true,"showMaterialUpdate":false,"showSkybox":true,"showFlares":true,"showImageEffects":true,"showParticleSystems":true},"in2DMode":false,"pivot":{"x":-5.601188659667969,"y":1.232795000076294,"z":-9.481132507324219},"rotation":{"x":0.00798130128532648,"y":0.9871211647987366,"z":-0.1510174572467804,"w":0.05217023193836212},"size":2.1295878887176515,"orthographic":false}