{"cameraMode":{"drawMode":0,"name":"Shaded","section":"Shading Mode"},"sceneLighting":false,"audioPlay":false,"sceneViewState":{"showFog":true,"showMaterialUpdate":false,"showSkybox":true,"showFlares":true,"showImageEffects":true,"showParticleSystems":true},"in2DMode":false,"pivot":{"x":15.00927734375,"y":0.377899169921875,"z":-18.643569946289064},"rotation":{"x":-0.030313950031995775,"y":-0.6820051074028015,"z":0.027315136045217515,"w":-0.730208158493042},"size":2.7659060955047609,"orthographic":true}