{"cameraMode":{"drawMode":0,"name":"Shaded","section":"Shading Mode"},"sceneLighting":false,"audioPlay":false,"sceneViewState":{"showFog":true,"showMaterialUpdate":false,"showSkybox":true,"showFlares":true,"showImageEffects":true,"showParticleSystems":true},"in2DMode":false,"pivot":{"x":0.00994873046875,"y":2.354248046875,"z":0.5400390625},"rotation":{"x":-0.00642813928425312,"y":-0.9835696816444397,"z":0.035731010138988498,"w":-0.1768408566713333},"size":3.5449106693267824,"orthographic":true}