{"cameraMode":{"drawMode":0,"name":"Shaded","section":"Shading Mode"},"sceneLighting":true,"audioPlay":false,"sceneViewState":{"showFog":true,"showMaterialUpdate":false,"showSkybox":true,"showFlares":true,"showImageEffects":true,"showParticleSystems":true},"in2DMode":false,"pivot":{"x":3.5497679710388185,"y":-0.933060884475708,"z":-7.351556777954102},"rotation":{"x":-0.309799462556839,"y":-0.5713146924972534,"z":0.2461477369070053,"w":-0.7190515995025635},"size":12.688779830932618,"orthographic":false}