{"cameraMode":{"drawMode":0,"name":"Shaded","section":"Shading Mode"},"sceneLighting":false,"audioPlay":false,"sceneViewState":{"showFog":true,"showMaterialUpdate":false,"showSkybox":true,"showFlares":true,"showImageEffects":true,"showParticleSystems":true},"in2DMode":false,"pivot":{"x":13.138771057128907,"y":3.2859106063842775,"z":-16.128860473632814},"rotation":{"x":0.011716300621628762,"y":-0.9413293600082398,"z":0.335460364818573,"w":0.03504485264420509},"size":6.32700777053833,"orthographic":false}