{"cameraMode":{"drawMode":0,"name":"Shaded","section":"Shading Mode"},"sceneLighting":false,"audioPlay":false,"sceneViewState":{"showFog":true,"showMaterialUpdate":false,"showSkybox":true,"showFlares":true,"showImageEffects":true,"showParticleSystems":true},"in2DMode":false,"pivot":{"x":0.00994873046875,"y":2.354248046875,"z":0.5400390625},"rotation":{"x":-0.03812464326620102,"y":-0.7289180755615234,"z":0.04072239622473717,"w":-0.6823245882987976},"size":3.5449106693267824,"orthographic":true}