{"cameraMode":{"drawMode":0,"name":"Shaded","section":"Shading Mode"},"sceneLighting":false,"audioPlay":false,"sceneViewState":{"showFog":true,"showMaterialUpdate":false,"showSkybox":true,"showFlares":true,"showImageEffects":true,"showParticleSystems":true},"in2DMode":false,"pivot":{"x":-3.3991758823394777,"y":0.3344841003417969,"z":2.9331088066101076},"rotation":{"x":-0.13084527850151063,"y":0.5811305642127991,"z":-0.09534099698066712,"w":-0.7975443005561829},"size":7.440218925476074,"orthographic":false}