{"cameraMode":{"drawMode":0,"name":"Shaded","section":"Shading Mode"},"sceneLighting":false,"audioPlay":false,"sceneViewState":{"showFog":true,"showMaterialUpdate":false,"showSkybox":true,"showFlares":true,"showImageEffects":true,"showParticleSystems":true},"in2DMode":false,"pivot":{"x":2.2899999618530275,"y":0.25,"z":-9.09000015258789},"rotation":{"x":0.28796112537384035,"y":0.028742117807269098,"z":-0.008649416267871857,"w":0.957171618938446},"size":2.857893466949463,"orthographic":false}