{"cameraMode":{"drawMode":0,"name":"Shaded","section":"Shading Mode"},"sceneLighting":true,"audioPlay":false,"sceneViewState":{"showFog":true,"showMaterialUpdate":false,"showSkybox":true,"showFlares":true,"showImageEffects":true,"showParticleSystems":true},"in2DMode":false,"pivot":{"x":5.358313083648682,"y":-5.806356430053711,"z":18.488475799560548},"rotation":{"x":0.2919463813304901,"y":0.05306575074791908,"z":-0.01622769795358181,"w":0.9548236131668091},"size":33.510414123535159,"orthographic":false}