{"cameraMode":{"drawMode":0,"name":"Shaded","section":"Shading Mode"},"sceneLighting":true,"audioPlay":false,"sceneViewState":{"showFog":true,"showMaterialUpdate":false,"showSkybox":true,"showFlares":true,"showImageEffects":true,"showParticleSystems":true},"in2DMode":false,"pivot":{"x":-6.539237022399902,"y":-13.655269622802735,"z":60.840335845947269},"rotation":{"x":0.1268530637025833,"y":-0.02378433384001255,"z":0.003040183801203966,"w":0.9916316866874695},"size":77.08299255371094,"orthographic":false}