{"cameraMode":{"drawMode":0,"name":"Shaded","section":"Shading Mode"},"sceneLighting":false,"audioPlay":false,"sceneViewState":{"showFog":true,"showMaterialUpdate":false,"showSkybox":true,"showFlares":true,"showImageEffects":true,"showParticleSystems":true},"in2DMode":false,"pivot":{"x":-32.41315841674805,"y":52.352447509765628,"z":-2.962127685546875},"rotation":{"x":0.07756004482507706,"y":-0.04931102693080902,"z":0.0038383828941732647,"w":0.9957600831985474},"size":20.702943801879884,"orthographic":false}