{"cameraMode":{"drawMode":0,"name":"Shaded","section":"Shading Mode"},"sceneLighting":true,"audioPlay":false,"sceneViewState":{"showFog":true,"showMaterialUpdate":false,"showSkybox":true,"showFlares":true,"showImageEffects":true,"showParticleSystems":true},"in2DMode":false,"pivot":{"x":269.9954528808594,"y":390.25897216796877,"z":130.59320068359376},"rotation":{"x":-0.4205039143562317,"y":0.41535645723342898,"z":-0.2255266159772873,"w":-0.7744632363319397},"size":3.449540376663208,"orthographic":false}