{"cameraMode":{"drawMode":0,"name":"Shaded","section":"Shading Mode"},"sceneLighting":false,"audioPlay":false,"sceneViewState":{"showFog":true,"showMaterialUpdate":false,"showSkybox":true,"showFlares":true,"showImageEffects":true,"showParticleSystems":true},"in2DMode":false,"pivot":{"x":-0.10442154109477997,"y":-0.9992092847824097,"z":2.0223782062530519},"rotation":{"x":-0.1562766283750534,"y":0.008849316276609898,"z":-0.0014040445676073433,"w":-0.9876726865768433},"size":7.466349124908447,"orthographic":false}