{"cameraMode":{"drawMode":0,"name":"Shaded","section":"Shading Mode"},"sceneLighting":false,"audioPlay":false,"sceneViewState":{"showFog":true,"showMaterialUpdate":false,"showSkybox":true,"showFlares":true,"showImageEffects":true,"showParticleSystems":true},"in2DMode":false,"pivot":{"x":0.29574456810951235,"y":-0.44945386052131655,"z":3.3590455055236818},"rotation":{"x":0.07569257915019989,"y":0.06489891558885575,"z":-0.004933361429721117,"w":0.9950047731399536},"size":8.431375503540039,"orthographic":false}