{"cameraMode":{"drawMode":0,"name":"Shaded","section":"Shading Mode"},"sceneLighting":false,"audioPlay":false,"sceneViewState":{"showFog":true,"showMaterialUpdate":false,"showSkybox":true,"showFlares":true,"showImageEffects":true,"showParticleSystems":true},"in2DMode":false,"pivot":{"x":2.124000072479248,"y":5.8429999351501469,"z":-13.505000114440918},"rotation":{"x":-0.3003985285758972,"y":-0.005457297433167696,"z":0.001715391525067389,"w":-0.9537966847419739},"size":22.0,"orthographic":false}