{"cameraMode":{"drawMode":0,"name":"Shaded","section":"Shading Mode"},"sceneLighting":true,"audioPlay":false,"sceneViewState":{"showFog":true,"showMaterialUpdate":false,"showSkybox":true,"showFlares":true,"showImageEffects":true,"showParticleSystems":true},"in2DMode":false,"pivot":{"x":-7.21450138092041,"y":7.276608467102051,"z":-34.66465759277344},"rotation":{"x":0.051099635660648349,"y":0.17529788613319398,"z":-0.009107349440455437,"w":0.9831462502479553},"size":21.010000228881837,"orthographic":false}