{"cameraMode":{"drawMode":0,"name":"Shaded","section":"Shading Mode"},"sceneLighting":false,"audioPlay":false,"sceneViewState":{"showFog":true,"showMaterialUpdate":false,"showSkybox":true,"showFlares":true,"showImageEffects":true,"showParticleSystems":true},"in2DMode":false,"pivot":{"x":-2.672819137573242,"y":1.5439186096191407,"z":-1.777808427810669},"rotation":{"x":-0.14945310354232789,"y":-0.4392234683036804,"z":0.0743648111820221,"w":-0.8827323913574219},"size":0.5573645234107971,"orthographic":false}