{"cameraMode":{"drawMode":0,"name":"Shaded","section":"Shading Mode"},"sceneLighting":false,"audioPlay":false,"sceneViewState":{"showFog":true,"showMaterialUpdate":false,"showSkybox":true,"showFlares":true,"showImageEffects":true,"showParticleSystems":true},"in2DMode":false,"pivot":{"x":2.054929733276367,"y":0.17355287075042725,"z":-9.741482734680176},"rotation":{"x":-0.06811407208442688,"y":0.9273391962051392,"z":-0.30343008041381838,"w":-0.2081652730703354},"size":2.857893466949463,"orthographic":false}