{"cameraMode":{"drawMode":0,"name":"Shaded","section":"Shading Mode"},"sceneLighting":true,"audioPlay":false,"sceneViewState":{"showFog":true,"showMaterialUpdate":false,"showSkybox":true,"showFlares":true,"showImageEffects":true,"showParticleSystems":true},"in2DMode":false,"pivot":{"x":8.207218170166016,"y":6.492050647735596,"z":-2.980558395385742},"rotation":{"x":-0.36100098490715029,"y":-0.550635576248169,"z":0.28543102741241457,"w":-0.6964251399040222},"size":3.91925311088562,"orthographic":false}