{"cameraMode":{"drawMode":0,"name":"Shaded","section":"Shading Mode"},"sceneLighting":true,"audioPlay":false,"sceneViewState":{"showFog":true,"showMaterialUpdate":false,"showSkybox":true,"showFlares":true,"showImageEffects":true,"showParticleSystems":true},"in2DMode":false,"pivot":{"x":-2.300753593444824,"y":3.7251410484313967,"z":8.031024932861329},"rotation":{"x":-0.10052523761987686,"y":-0.8383147716522217,"z":0.16534346342086793,"w":-0.5096907615661621},"size":11.734236717224121,"orthographic":false}