{"cameraMode":{"drawMode":0,"name":"Shaded","section":"Shading Mode"},"sceneLighting":false,"audioPlay":false,"sceneViewState":{"showFog":true,"showMaterialUpdate":false,"showSkybox":true,"showFlares":true,"showImageEffects":true,"showParticleSystems":true},"in2DMode":false,"pivot":{"x":-27.72874641418457,"y":56.51077651977539,"z":-0.7383556365966797},"rotation":{"x":0.06356130540370941,"y":0.030563291162252427,"z":-0.0019491718849167228,"w":0.9975079298019409},"size":29.88224220275879,"orthographic":false}