{"cameraMode":{"drawMode":0,"name":"Shaded","section":"Shading Mode"},"sceneLighting":false,"audioPlay":false,"sceneViewState":{"showFog":true,"showMaterialUpdate":false,"showSkybox":true,"showFlares":true,"showImageEffects":true,"showParticleSystems":true},"in2DMode":false,"pivot":{"x":6.039000034332275,"y":0.3100000023841858,"z":10.33899974822998},"rotation":{"x":-0.16639399528503419,"y":-0.42617395520210268,"z":0.08007561415433884,"w":-0.8855940103530884},"size":2.922011137008667,"orthographic":false}