{"cameraMode":{"drawMode":0,"name":"Shaded","section":"Shading Mode"},"sceneLighting":false,"audioPlay":false,"sceneViewState":{"showFog":true,"showMaterialUpdate":false,"showSkybox":true,"showFlares":true,"showImageEffects":true,"showParticleSystems":true},"in2DMode":false,"pivot":{"x":2.025714874267578,"y":0.03177666664123535,"z":-9.603127479553223},"rotation":{"x":-0.08110526204109192,"y":0.9131332039833069,"z":-0.3309672474861145,"w":-0.22376421093940736},"size":2.857893466949463,"orthographic":false}